DP,Inlet,NO2,O3,PM2.5,RH,TEMP,Time
7.9,Sample,0.9,24.0,6.4,56.6,16.52,2020-10-30T00:00:00
7.9,Sample,0.9,22.6,7.5,57.6,16.33,2020-10-30T01:00:00
7.2,Sample,0.0,22.0,6.6,58.4,15.37,2020-10-30T02:00:00
6.5,Sample,0.4,20.5,8.3,57.6,14.79,2020-10-30T03:00:00
6.2,Sample,2.0,18.3,26.9,59.5,13.94,2020-10-30T04:00:00
6.1,Sample,4.9,16.6,23.0,59.0,14.0,2020-10-30T05:00:00
5.3,Sample,11.9,13.4,43.3,60.3,12.79,2020-10-30T06:00:00
4.7,Sample,13.0,14.9,30.4,59.5,12.35,2020-10-30T07:00:00
4.9,Sample,12.5,17.4,22.0,58.1,12.95,2020-10-30T08:00:00
5.4,Sample,14.0,19.9,14.0,52.5,15.09,2020-10-30T09:00:00
5.6,Sample,9.5,27.0,8.0,48.1,16.65,2020-10-30T10:00:00
5.3,Sample,9.8,31.2,9.1,43.3,18.03,2020-10-30T11:00:00
4.0,Sample,12.9,34.0,6.2,35.4,19.76,2020-10-30T12:00:00
1.8,Sample,17.1,32.0,4.2,27.0,21.62,2020-10-30T13:00:00
1.9,Sample,16.7,31.6,3.9,26.1,22.32,2020-10-30T14:00:00
2.0,Sample,16.8,32.1,5.1,26.5,22.2,2020-10-30T15:00:00
2.3,Sample,17.9,30.7,3.8,27.0,22.16,2020-10-30T16:00:00
2.2,Sample,18.2,30.8,4.4,29.1,20.86,2020-10-30T17:00:00
2.4,Sample,16.9,28.9,4.9,33.1,18.98,2020-10-30T18:00:00
2.9,Sample,18.1,22.0,7.2,35.7,18.36,2020-10-30T19:00:00
3.1,Sample,20.7,17.6,5.8,37.6,17.79,2020-10-30T20:00:00
3.4,Sample,17.0,20.4,4.8,39.7,17.22,2020-10-30T21:00:00
3.3,Sample,18.9,17.8,5.5,41.6,16.45,2020-10-30T22:00:00
3.0,Sample,23.3,13.5,14.1,44.2,15.11,2020-10-30T23:00:00
2.7,Sample,21.6,11.6,26.2,46.6,13.92,2020-10-31T00:00:00
2.1,Sample,18.1,13.4,37.6,49.3,12.45,2020-10-31T01:00:00
2.6,Sample,11.8,18.2,37.5,53.3,11.82,2020-10-31T02:00:00
2.7,Sample,9.9,18.0,16.5,54.8,11.46,2020-10-31T03:00:00
2.4,Sample,13.3,17.3,44.8,56.1,10.86,2020-10-31T04:00:00
2.4,Sample,15.3,15.1,19.3,56.8,10.67,2020-10-31T05:00:00
2.2,Sample,23.8,8.9,57.9,55.8,10.65,2020-10-31T06:00:00
2.2,Sample,22.5,10.0,33.9,55.3,10.78,2020-10-31T07:00:00
2.9,Sample,21.3,14.1,19.5,52.8,12.31,2020-10-31T08:00:00
3.2,Sample,17.7,21.6,15.6,47.7,14.13,2020-10-31T09:00:00
3.1,Sample,16.0,24.8,13.2,41.4,16.36,2020-10-31T10:00:00
1.0,Sample,19.5,30.7,10.2,30.8,18.63,2020-10-31T11:00:00
2.5,Sample,20.0,32.7,14.0,29.9,20.74,2020-10-31T12:00:00
1.5,Sample,18.6,35.0,7.2,25.5,22.33,2020-10-31T13:00:00
0.2,Sample,18.8,34.0,3.7,21.7,23.31,2020-10-31T14:00:00
-0.5,Sample,18.0,33.3,6.7,20.0,23.81,2020-10-31T15:00:00
0.8,Sample,17.4,31.9,6.6,22.0,23.83,2020-10-31T16:00:00
0.7,Sample,21.1,27.1,25.2,23.0,23.0,2020-10-31T17:00:00
2.1,Sample,34.0,9.7,103.4,27.1,21.91,2020-10-31T18:00:00
1.7,Sample,22.6,15.1,12.0,28.4,20.76,2020-10-31T19:00:00
1.2,Sample,24.2,13.6,6.5,28.6,20.0,2020-10-31T20:00:00
-1.0,Sample,19.6,18.6,3.9,25.2,19.55,2020-10-31T21:00:00
-1.6,Sample,20.8,18.5,7.4,24.7,19.11,2020-10-31T22:00:00
-1.0,Sample,26.8,12.2,8.4,27.0,18.36,2020-10-31T23:00:00
-0.5,Sample,22.4,13.3,9.9,29.4,17.57,2020-11-01T00:00:00
-0.2,Sample,19.0,13.6,35.3,34.5,15.54,2020-11-01T01:00:00
1.5,Sample,11.8,16.3,8.2,40.3,14.91,2020-11-01T02:00:00
1.5,Sample,13.9,12.9,18.3,41.3,14.52,2020-11-01T03:00:00
1.6,Sample,13.6,15.0,20.6,44.2,13.59,2020-11-01T04:00:00
2.6,Sample,8.9,18.2,10.8,48.1,13.32,2020-11-01T05:00:00
2.0,Sample,15.5,12.3,31.0,46.1,13.38,2020-11-01T06:00:00
1.9,Sample,18.2,10.6,21.7,44.7,13.79,2020-11-01T07:00:00
2.4,Sample,14.3,19.6,9.5,42.7,15.03,2020-11-01T08:00:00
2.3,Sample,11.3,21.2,8.9,38.6,16.42,2020-11-01T09:00:00
0.5,Sample,13.5,26.9,4.3,30.1,18.39,2020-11-01T10:00:00
-1.2,Sample,14.1,30.8,4.9,23.3,20.45,2020-11-01T11:00:00
-0.3,Sample,14.8,31.6,9.8,23.7,21.34,2020-11-01T12:00:00
0.3,Sample,15.1,32.1,11.0,24.1,21.77,2020-11-01T13:00:00
0.0,Sample,14.7,32.1,5.6,23.2,21.95,2020-11-01T14:00:00
1.5,Sample,13.8,30.1,10.4,26.0,21.92,2020-11-01T15:00:00
2.9,Sample,14.3,28.8,7.8,29.1,21.7,2020-11-01T16:00:00
3.9,Sample,11.4,26.3,5.3,34.1,20.28,2020-11-01T17:00:00
4.0,Sample,9.4,25.5,6.8,38.0,18.61,2020-11-01T18:00:00
4.7,Sample,5.8,26.6,3.2,44.1,17.04,2020-11-01T19:00:00
5.0,Sample,4.9,26.5,3.2,48.1,16.04,2020-11-01T20:00:00
5.1,Sample,5.4,26.5,3.9,50.2,15.42,2020-11-01T21:00:00
5.2,Sample,4.1,26.9,2.6,51.7,15.06,2020-11-01T22:00:00
5.0,Sample,4.4,27.2,2.4,51.8,14.86,2020-11-01T23:00:00
5.1,Sample,4.0,26.3,2.3,52.5,14.72,2020-11-02T00:00:00
5.0,Sample,2.1,25.8,3.3,53.0,14.51,2020-11-02T01:00:00
5.2,Sample,1.5,24.4,4.0,53.7,14.44,2020-11-02T02:00:00
5.4,Sample,0.1,24.9,2.3,54.9,14.37,2020-11-02T03:00:00
5.6,Sample,3.6,22.8,2.9,56.0,14.26,2020-11-02T04:00:00
5.0,Sample,2.4,23.4,2.1,55.5,13.8,2020-11-02T05:00:00
4.8,Sample,2.8,21.7,2.4,56.0,13.43,2020-11-02T06:00:00
4.5,Sample,6.8,19.6,4.7,56.0,13.14,2020-11-02T07:00:00
3.8,Sample,7.8,22.2,4.1,51.6,13.65,2020-11-02T08:00:00
2.6,Sample,10.1,26.6,2.3,45.6,14.23,2020-11-02T09:00:00
1.9,Sample,10.0,26.6,1.5,40.8,15.21,2020-11-02T10:00:00
2.0,Sample,11.1,25.3,3.1,38.4,16.25,2020-11-02T11:00:00
1.5,Sample,11.6,26.1,5.2,34.4,17.41,2020-11-02T12:00:00
1.6,Sample,12.2,26.9,12.8,33.2,18.07,2020-11-02T13:00:00
1.1,Sample,13.1,26.8,27.6,30.9,18.58,2020-11-02T14:00:00
1.3,Sample,12.5,27.5,37.9,31.8,18.42,2020-11-02T15:00:00
1.7,Sample,12.9,27.0,13.5,33.4,18.02,2020-11-02T16:00:00
1.9,Sample,13.0,26.2,28.9,35.8,17.25,2020-11-02T17:00:00
2.2,Sample,14.0,25.3,12.7,39.6,15.93,2020-11-02T18:00:00
2.3,Sample,12.8,26.3,9.4,42.4,14.97,2020-11-02T19:00:00
2.5,Sample,12.4,26.7,2.3,44.7,14.39,2020-11-02T20:00:00
2.1,Sample,12.7,26.6,35.3,45.4,13.72,2020-11-02T21:00:00
2.5,Sample,13.8,22.5,10.1,46.6,13.74,2020-11-02T22:00:00
2.6,Sample,13.9,23.2,3.6,45.7,14.21,2020-11-02T23:00:00
2.9,Sample,13.4,22.2,44.7,46.1,14.32,2020-11-03T00:00:00
3.1,Sample,10.6,22.7,15.2,49.3,13.57,2020-11-03T01:00:00
3.8,Sample,8.3,25.6,3.5,51.1,13.73,2020-11-03T02:00:00
4.2,Sample,8.0,26.8,5.9,52.1,13.82,2020-11-03T03:00:00
4.5,Sample,8.6,25.8,14.1,53.7,13.72,2020-11-03T04:00:00
4.8,Sample,6.8,25.9,11.9,55.1,13.65,2020-11-03T05:00:00
4.9,Sample,6.7,25.9,12.8,56.3,13.43,2020-11-03T06:00:00
5.0,Sample,6.8,26.0,16.8,58.2,13.07,2020-11-03T07:00:00
5.2,Sample,7.4,25.5,12.2,59.0,13.03,2020-11-03T08:00:00
5.5,Sample,5.7,24.9,6.0,58.2,13.61,2020-11-03T09:00:00
6.0,Sample,5.4,22.3,15.5,54.8,14.98,2020-11-03T10:00:00
6.0,Sample,3.7,23.7,13.4,52.1,15.8,2020-11-03T11:00:00
6.2,Sample,2.5,25.2,18.9,50.2,16.67,2020-11-03T12:00:00
6.4,Sample,1.9,26.6,18.1,47.2,17.81,2020-11-03T13:00:00
6.2,Sample,2.7,27.8,13.9,46.2,17.99,2020-11-03T14:00:00
5.5,Sample,4.9,26.8,22.9,42.6,18.42,2020-11-03T15:00:00
4.3,Sample,10.5,26.3,77.0,40.8,17.86,2020-11-03T16:00:00
3.8,Sample,10.7,27.0,25.8,42.2,16.72,2020-11-03T17:00:00
4.4,Sample,10.8,24.0,4.7,46.4,15.86,2020-11-03T18:00:00
4.9,Sample,10.5,22.8,38.5,51.3,14.93,2020-11-03T19:00:00
4.8,Sample,9.2,22.5,52.8,52.7,14.41,2020-11-03T20:00:00
4.4,Sample,17.1,15.3,23.1,51.7,14.22,2020-11-03T21:00:00
4.0,Sample,18.6,12.7,49.1,51.3,13.91,2020-11-03T22:00:00
3.6,Sample,17.7,11.2,122.5,52.8,13.05,2020-11-03T23:00:00
3.6,Sample,18.7,11.4,80.5,54.9,12.46,2020-11-04T00:00:00
3.6,Sample,12.7,15.5,26.2,56.4,11.99,2020-11-04T01:00:00
3.6,Sample,11.7,16.6,31.0,58.5,11.44,2020-11-04T02:00:00
2.8,Sample,17.2,11.6,137.4,59.9,10.3,2020-11-04T03:00:00
2.7,Sample,10.3,16.8,14.0,60.0,10.18,2020-11-04T04:00:00
2.8,Sample,11.0,16.5,7.4,60.1,10.16,2020-11-04T05:00:00
2.2,Sample,15.0,13.6,17.0,59.1,9.76,2020-11-04T06:00:00
2.7,Sample,17.1,13.0,45.8,62.1,9.64,2020-11-04T07:00:00
4.3,Sample,10.9,17.4,22.0,65.2,10.54,2020-11-04T08:00:00
4.1,Sample,7.9,23.5,11.9,61.0,11.41,2020-11-04T09:00:00
3.6,Sample,11.9,23.7,7.1,53.3,12.91,2020-11-04T10:00:00
3.1,Sample,12.4,25.4,6.6,45.0,14.96,2020-11-04T11:00:00
1.8,Sample,14.5,26.7,8.9,35.8,17.16,2020-11-04T12:00:00
-2.3,Sample,12.4,25.3,11.2,23.2,19.45,2020-11-04T13:00:00
-3.7,Sample,13.6,26.7,3.9,20.1,19.92,2020-11-04T14:00:00
-2.8,Sample,12.5,26.5,6.4,21.7,19.74,2020-11-04T15:00:00
-1.0,Sample,13.7,24.9,16.8,25.0,19.58,2020-11-04T16:00:00
0.2,Sample,14.6,24.2,13.8,28.8,18.69,2020-11-04T17:00:00
1.3,Sample,15.6,21.5,9.1,33.9,17.36,2020-11-04T18:00:00
2.3,Sample,18.4,15.7,77.6,37.9,16.75,2020-11-04T19:00:00
2.8,Sample,19.4,15.4,29.0,41.8,15.77,2020-11-04T20:00:00
4.1,Sample,9.2,22.4,3.6,48.8,14.82,2020-11-04T21:00:00
4.8,Sample,6.7,19.0,4.2,51.5,14.72,2020-11-04T22:00:00
4.5,Sample,6.8,17.6,8.6,51.1,14.5,2020-11-04T23:00:00
3.9,Sample,13.3,14.1,23.4,51.4,13.7,2020-11-05T00:00:00
3.9,Sample,9.7,17.5,23.3,53.9,13.06,2020-11-05T01:00:00
3.8,Sample,8.1,17.8,14.8,55.3,12.5,2020-11-05T02:00:00
3.2,Sample,7.8,16.2,20.4,55.3,11.87,2020-11-05T03:00:00
2.5,Sample,12.0,12.6,37.4,55.1,11.22,2020-11-05T04:00:00
1.7,Sample,16.3,9.9,86.1,54.8,10.38,2020-11-05T05:00:00
1.4,Sample,15.8,11.3,31.3,54.4,10.19,2020-11-05T06:00:00
2.1,Sample,16.1,12.6,17.6,56.6,10.36,2020-11-05T07:00:00
3.8,Sample,12.3,17.1,48.1,59.9,11.3,2020-11-05T08:00:00
4.1,Sample,13.7,18.9,26.2,56.7,12.52,2020-11-05T09:00:00
3.6,Sample,10.6,23.9,13.2,50.9,13.57,2020-11-05T10:00:00
3.0,Sample,11.4,27.0,4.4,44.0,15.19,2020-11-05T11:00:00
2.2,Sample,13.8,29.4,5.0,37.0,17.03,2020-11-05T12:00:00
1.7,Sample,14.5,27.8,4.2,32.0,18.77,2020-11-05T13:00:00
2.5,Sample,13.8,26.6,3.7,31.9,19.75,2020-11-05T14:00:00
1.8,Sample,14.2,27.3,3.1,29.5,20.27,2020-11-05T15:00:00
0.5,Sample,15.5,27.8,2.6,27.2,19.96,2020-11-05T16:00:00
1.8,Sample,14.6,27.0,3.4,31.1,19.34,2020-11-05T17:00:00
2.1,Sample,14.7,22.5,6.9,34.6,17.97,2020-11-05T18:00:00
3.1,Sample,13.6,19.3,10.2,39.5,16.96,2020-11-05T19:00:00
4.7,Sample,10.2,16.9,6.0,46.3,16.33,2020-11-05T20:00:00
6.5,Sample,1.2,19.0,4.9,57.2,14.9,2020-11-05T21:00:00
6.4,Sample,0.4,21.4,14.7,60.9,13.8,2020-11-05T22:00:00
6.5,Sample,0.1,21.8,18.3,63.6,13.31,2020-11-05T23:00:00
6.4,Sample,0.2,20.1,23.6,64.8,12.9,2020-11-06T00:00:00
5.7,Sample,0.0,18.8,21.9,64.1,12.27,2020-11-06T01:00:00
5.0,Sample,1.4,17.1,23.2,64.6,11.39,2020-11-06T02:00:00
4.8,Sample,3.1,14.8,61.8,65.7,11.0,2020-11-06T03:00:00
4.3,Sample,3.6,14.7,52.0,64.6,10.73,2020-11-06T04:00:00
3.9,Sample,5.3,14.5,38.4,65.4,10.14,2020-11-06T05:00:00
3.4,Sample,9.9,14.0,51.6,67.4,9.13,2020-11-06T06:00:00
4.0,Sample,9.1,14.2,36.6,67.9,9.69,2020-11-06T07:00:00
5.1,Sample,7.9,14.8,26.9,66.8,11.09,2020-11-06T08:00:00
5.1,Sample,12.8,16.6,14.8,60.9,12.45,2020-11-06T09:00:00
4.6,Sample,11.0,20.9,6.4,52.8,14.09,2020-11-06T10:00:00
4.6,Sample,9.0,25.3,7.2,48.3,15.48,2020-11-06T11:00:00
4.2,Sample,10.4,27.2,6.6,42.3,17.14,2020-11-06T12:00:00
3.2,Sample,11.5,27.1,5.3,36.3,18.45,2020-11-06T13:00:00
3.4,Sample,11.1,26.8,4.6,35.1,19.22,2020-11-06T14:00:00
3.7,Sample,9.4,26.9,3.5,35.3,19.5,2020-11-06T15:00:00
4.8,Sample,6.0,25.0,5.5,37.7,19.69,2020-11-06T16:00:00
5.1,Sample,6.8,22.9,7.4,39.1,19.36,2020-11-06T17:00:00
5.4,Sample,8.6,17.3,7.6,44.1,17.76,2020-11-06T18:00:00
6.2,Sample,4.2,14.0,17.1,50.5,16.51,2020-11-06T19:00:00
6.0,Sample,7.4,11.3,31.4,52.6,15.68,2020-11-06T20:00:00
6.7,Sample,6.2,12.0,11.9,56.4,15.3,2020-11-06T21:00:00
7.3,Sample,0.4,17.4,9.1,59.9,15.04,2020-11-06T22:00:00
6.7,Sample,1.3,18.0,5.5,59.5,14.56,2020-11-06T23:00:00
5.6,Sample,4.7,18.4,5.7,57.0,14.05,2020-11-07T00:00:00
5.7,Sample,1.8,17.5,7.0,59.6,13.38,2020-11-07T01:00:00
5.7,Sample,4.8,15.2,8.1,61.8,12.84,2020-11-07T02:00:00
5.5,Sample,4.3,13.5,9.5,63.9,12.17,2020-11-07T03:00:00
4.8,Sample,8.6,12.3,20.9,63.4,11.48,2020-11-07T04:00:00
3.8,Sample,8.3,13.3,24.1,63.5,10.42,2020-11-07T05:00:00
4.1,Sample,7.8,12.7,33.5,65.0,10.35,2020-11-07T06:00:00
3.9,Sample,8.3,12.5,34.5,64.4,10.32,2020-11-07T07:00:00
4.9,Sample,8.6,13.0,34.8,64.3,11.41,2020-11-07T08:00:00
6.2,Sample,16.9,12.5,30.3,63.2,13.04,2020-11-07T09:00:00
6.1,Sample,14.4,17.3,22.1,56.6,14.61,2020-11-07T10:00:00
6.1,Sample,19.1,23.2,36.6,50.3,16.51,2020-11-07T11:00:00
5.8,Sample,17.9,29.4,30.1,43.6,18.46,2020-11-07T12:00:00
4.6,Sample,22.8,32.7,30.6,36.2,20.14,2020-11-07T13:00:00
2.7,Sample,22.1,33.4,25.5,29.2,21.47,2020-11-07T14:00:00
1.9,Sample,22.4,32.1,71.5,26.8,21.87,2020-11-07T15:00:00
1.1,Sample,23.1,30.3,134.4,25.3,21.93,2020-11-07T16:00:00
4.3,Sample,17.9,23.8,312.9,32.2,21.7,2020-11-07T17:00:00
6.3,Sample,8.0,18.3,74.3,40.1,20.36,2020-11-07T18:00:00
6.5,Sample,4.3,18.6,7.6,43.5,19.23,2020-11-07T19:00:00
5.9,Sample,6.4,19.9,5.1,43.5,18.6,2020-11-07T20:00:00
5.8,Sample,7.2,17.2,5.5,44.6,18.09,2020-11-07T21:00:00
6.1,Sample,9.8,12.9,13.4,47.7,17.29,2020-11-07T22:00:00
6.2,Sample,12.1,10.9,28.4,49.9,16.74,2020-11-07T23:00:00
6.1,Sample,11.4,11.0,24.8,51.8,16.01,2020-11-08T00:00:00
5.9,Sample,4.9,16.2,66.7,57.7,14.12,2020-11-08T01:00:00
7.8,Sample,0.0,17.4,37.9,67.3,13.71,2020-11-08T02:00:00
7.6,Sample,0.0,17.2,39.8,67.2,13.62,2020-11-08T03:00:00
7.4,Sample,0.1,16.3,53.9,67.4,13.3,2020-11-08T04:00:00
6.2,Sample,0.5,14.0,18.9,63.6,12.92,2020-11-08T05:00:00
5.3,Sample,1.8,13.5,24.4,62.0,12.43,2020-11-08T06:00:00
5.1,Sample,3.9,12.7,36.5,61.5,12.3,2020-11-08T07:00:00
7.7,Sample,3.3,14.5,43.9,67.7,13.52,2020-11-08T08:00:00
9.0,Sample,10.2,14.2,41.6,66.3,15.25,2020-11-08T09:00:00
8.5,Sample,12.2,19.3,27.7,57.1,17.06,2020-11-08T10:00:00
7.5,Sample,14.6,32.0,16.9,46.4,19.26,2020-11-08T11:00:00
6.8,Sample,15.0,33.9,6.4,39.5,21.2,2020-11-08T12:00:00
6.5,Sample,9.6,30.3,4.4,36.0,22.36,2020-11-08T13:00:00
4.8,Sample,14.0,29.6,3.3,30.9,22.92,2020-11-08T14:00:00
5.3,Sample,8.4,25.6,3.1,32.0,22.85,2020-11-08T15:00:00
4.0,Sample,11.9,27.9,3.2,29.6,22.69,2020-11-08T16:00:00
4.4,Sample,9.6,23.2,6.6,31.5,22.08,2020-11-08T17:00:00
6.4,Sample,8.6,18.0,55.9,38.1,21.29,2020-11-08T18:00:00
8.1,Sample,7.6,16.1,42.1,44.1,20.79,2020-11-08T19:00:00
9.2,Sample,7.4,13.2,18.7,49.8,19.97,2020-11-08T20:00:00
8.3,Sample,7.2,18.6,8.0,46.9,20.01,2020-11-08T21:00:00
8.0,Sample,13.2,12.1,16.1,49.1,18.9,2020-11-08T22:00:00
7.7,Sample,12.6,11.0,13.9,50.3,18.18,2020-11-08T23:00:00
7.1,Sample,12.2,11.4,14.0,49.9,17.71,2020-11-09T00:00:00
6.3,Sample,11.3,13.2,18.3,49.0,17.14,2020-11-09T01:00:00
5.7,Sample,8.7,13.5,55.6,48.7,16.56,2020-11-09T02:00:00
5.5,Sample,6.4,12.7,36.0,49.7,16.04,2020-11-09T03:00:00
5.4,Sample,9.8,12.2,24.1,51.8,15.31,2020-11-09T04:00:00
5.5,Sample,8.1,12.4,21.4,53.1,14.93,2020-11-09T05:00:00
5.5,Sample,9.7,11.7,22.8,54.7,14.51,2020-11-09T06:00:00
5.6,Sample,12.3,11.2,23.4,55.7,14.38,2020-11-09T07:00:00
6.3,Sample,18.6,11.5,27.5,54.5,15.45,2020-11-09T08:00:00
7.5,Sample,12.4,14.4,19.2,54.1,16.84,2020-11-09T09:00:00
6.3,Sample,16.1,24.2,8.9,43.7,18.96,2020-11-09T10:00:00
5.2,Sample,18.3,29.8,5.8,36.0,20.93,2020-11-09T11:00:00
2.9,Sample,19.0,28.7,3.3,27.9,22.48,2020-11-09T12:00:00
1.3,Sample,22.7,26.9,8.1,23.1,23.6,2020-11-09T13:00:00
0.1,Sample,19.0,31.5,2.6,20.4,24.26,2020-11-09T14:00:00
0.3,Sample,20.9,33.6,3.7,20.4,24.54,2020-11-09T15:00:00
0.1,Sample,22.1,36.4,3.9,20.1,24.48,2020-11-09T16:00:00
0.4,Sample,24.4,33.7,7.5,20.9,24.15,2020-11-09T17:00:00
3.5,Sample,21.2,18.1,46.4,28.3,22.89,2020-11-09T18:00:00
6.1,Sample,10.6,18.1,14.6,34.9,22.33,2020-11-09T19:00:00
5.0,Sample,12.9,17.9,5.8,33.7,21.72,2020-11-09T20:00:00
5.6,Sample,16.3,12.4,10.6,37.3,20.73,2020-11-09T21:00:00
5.5,Sample,21.1,11.4,43.5,39.0,19.88,2020-11-09T22:00:00
6.4,Sample,14.4,10.3,49.2,43.6,19.12,2020-11-09T23:00:00
6.4,Sample,12.1,12.0,16.5,46.5,18.06,2020-11-10T00:00:00
6.0,Sample,5.3,13.4,12.7,45.9,17.81,2020-11-10T01:00:00
4.7,Sample,7.4,13.4,25.8,43.9,17.14,2020-11-10T02:00:00
5.0,Sample,7.5,11.7,11.9,46.5,16.53,2020-11-10T03:00:00
4.8,Sample,11.3,11.3,15.0,47.6,15.96,2020-11-10T04:00:00
4.8,Sample,12.4,11.0,24.8,49.1,15.43,2020-11-10T05:00:00
4.1,Sample,11.1,12.8,23.1,48.5,14.87,2020-11-10T06:00:00
4.4,Sample,8.3,14.1,24.4,49.5,14.86,2020-11-10T07:00:00
5.4,Sample,11.3,12.9,14.8,49.6,15.95,2020-11-10T08:00:00
6.0,Sample,12.9,13.3,32.9,47.7,17.21,2020-11-10T09:00:00
5.3,Sample,14.9,16.4,21.8,40.7,19.02,2020-11-10T10:00:00
3.0,Sample,18.3,23.5,11.0,30.8,20.93,2020-11-10T11:00:00
1.1,Sample,13.9,24.6,9.6,23.7,22.93,2020-11-10T12:00:00
0.9,Sample,14.0,24.8,6.3,21.7,24.13,2020-11-10T13:00:00
0.6,Sample,12.5,24.6,2.5,20.4,24.85,2020-11-10T14:00:00
0.0,Sample,13.5,23.9,17.1,19.2,25.12,2020-11-10T15:00:00
-0.6,Sample,14.0,23.2,8.8,18.6,24.85,2020-11-10T16:00:00
-0.7,Sample,13.7,19.3,10.1,19.3,24.28,2020-11-10T17:00:00
1.0,Sample,19.8,12.9,11.9,23.8,22.75,2020-11-10T18:00:00
3.3,Sample,16.6,14.5,7.4,28.8,22.36,2020-11-10T19:00:00
3.5,Sample,17.2,14.0,7.1,30.2,21.79,2020-11-10T20:00:00
4.0,Sample,18.1,13.1,9.8,32.5,21.12,2020-11-10T21:00:00
3.8,Sample,21.6,11.1,28.8,34.1,20.15,2020-11-10T22:00:00
3.5,Sample,22.6,10.6,29.6,35.4,19.14,2020-11-10T23:00:00
4.2,Sample,14.7,12.5,53.3,38.7,18.5,2020-11-11T00:00:00
4.0,Sample,14.4,11.2,107.9,39.9,17.82,2020-11-11T01:00:00
4.5,Sample,11.7,12.6,30.3,43.5,17.01,2020-11-11T02:00:00
9.5,Sample,0.0,18.9,12.3,57.8,17.95,2020-11-11T03:00:00
10.5,Sample,0.6,18.1,16.4,62.3,17.81,2020-11-11T04:00:00
7.6,Sample,4.2,14.5,19.5,58.0,15.89,2020-11-11T05:00:00
8.0,Sample,1.4,14.7,65.2,61.3,15.38,2020-11-11T06:00:00
8.2,Sample,3.5,13.2,26.5,61.5,15.58,2020-11-11T07:00:00
9.2,Sample,8.2,13.2,32.4,61.7,16.54,2020-11-11T08:00:00
9.8,Sample,16.8,13.9,33.6,59.9,17.66,2020-11-11T09:00:00
9.4,Sample,14.7,16.7,26.9,53.0,19.21,2020-11-11T10:00:00
7.8,Sample,16.7,25.6,16.1,42.4,21.06,2020-11-11T11:00:00
5.3,Sample,20.0,31.1,8.3,32.4,22.69,2020-11-11T12:00:00
3.5,Sample,21.0,30.2,10.9,26.2,24.08,2020-11-11T13:00:00
3.0,Sample,16.6,22.0,2.9,24.0,24.98,2020-11-11T14:00:00
1.6,Sample,17.6,23.7,7.7,21.1,25.56,2020-11-11T15:00:00
0.0,Sample,20.3,24.2,64.1,18.3,25.95,2020-11-11T16:00:00
-1.7,Sample,20.0,21.8,79.6,16.4,25.71,2020-11-11T17:00:00
2.3,Sample,12.4,17.4,28.1,25.2,24.26,2020-11-11T18:00:00
9.8,Sample,2.5,15.6,23.4,43.1,23.06,2020-11-11T19:00:00
10.5,Sample,4.7,17.3,20.3,47.1,22.35,2020-11-11T20:00:00
11.0,Sample,3.1,18.6,26.6,50.2,21.82,2020-11-11T21:00:00
11.5,Sample,1.4,18.3,19.7,54.7,20.92,2020-11-11T22:00:00
11.4,Sample,0.2,17.4,38.8,59.8,19.43,2020-11-11T23:00:00
12.0,Sample,0.0,17.7,25.0,65.6,18.52,2020-11-12T00:00:00
12.2,Sample,0.0,18.8,22.5,69.0,17.96,2020-11-12T01:00:00
12.3,Sample,0.0,19.8,23.3,71.0,17.59,2020-11-12T02:00:00
12.4,Sample,0.0,19.2,26.4,72.4,17.46,2020-11-12T03:00:00
12.3,Sample,0.0,18.4,28.4,72.0,17.39,2020-11-12T04:00:00
12.1,Sample,1.0,14.9,97.6,71.5,17.31,2020-11-12T05:00:00
11.8,Sample,0.6,14.4,37.1,70.3,17.32,2020-11-12T06:00:00
10.2,Sample,2.0,14.9,39.1,63.0,17.33,2020-11-12T07:00:00
10.1,Sample,1.3,16.8,35.7,60.7,17.78,2020-11-12T08:00:00
10.9,Sample,3.4,18.3,43.4,61.6,18.42,2020-11-12T09:00:00
10.6,Sample,11.0,22.1,48.7,55.9,19.65,2020-11-12T10:00:00
9.5,Sample,15.6,30.5,45.4,47.4,21.18,2020-11-12T11:00:00
7.7,Sample,18.3,31.6,31.4,38.3,22.66,2020-11-12T12:00:00
6.0,Sample,17.3,32.9,24.6,31.3,24.06,2020-11-12T13:00:00
5.6,Sample,19.8,32.9,14.3,29.1,24.81,2020-11-12T14:00:00
3.9,Sample,24.8,36.4,11.1,25.4,25.19,2020-11-12T15:00:00
4.0,Sample,24.7,36.6,11.1,25.8,24.94,2020-11-12T16:00:00
4.1,Sample,26.3,18.5,20.0,26.8,24.38,2020-11-12T17:00:00
9.8,Sample,8.0,13.5,26.4,42.4,23.39,2020-11-12T18:00:00
11.0,Sample,2.0,10.7,18.0,48.6,22.33,2020-11-12T19:00:00
10.3,Sample,3.7,16.1,12.0,47.6,21.92,2020-11-12T20:00:00
10.2,Sample,2.4,15.5,12.0,48.9,21.41,2020-11-12T21:00:00
9.7,Sample,4.6,14.5,12.4,48.8,20.87,2020-11-12T22:00:00
9.6,Sample,2.6,14.2,15.3,50.4,20.19,2020-11-12T23:00:00
9.2,Sample,3.3,14.0,45.3,52.4,19.22,2020-11-13T00:00:00
8.7,Sample,5.0,13.7,42.4,54.3,18.12,2020-11-13T01:00:00
10.8,Sample,0.6,17.1,29.3,67.5,16.87,2020-11-13T02:00:00
12.0,Sample,0.0,19.5,28.1,73.7,16.75,2020-11-13T03:00:00
12.6,Sample,0.0,21.5,24.8,75.7,16.96,2020-11-13T04:00:00
12.5,Sample,0.0,22.2,23.3,74.5,17.11,2020-11-13T05:00:00
12.2,Sample,0.0,22.5,30.4,72.8,17.16,2020-11-13T06:00:00
12.0,Sample,0.1,22.4,27.2,73.1,16.85,2020-11-13T07:00:00
11.9,Sample,0.1,22.6,24.4,71.0,17.21,2020-11-13T08:00:00
11.9,Sample,0.3,23.9,25.0,68.4,17.78,2020-11-13T09:00:00
11.7,Sample,1.4,23.8,37.0,63.2,18.87,2020-11-13T10:00:00
11.3,Sample,4.4,27.7,35.0,58.9,19.61,2020-11-13T11:00:00
10.2,Sample,9.8,30.3,25.6,49.2,21.37,2020-11-13T12:00:00
8.4,Sample,15.0,32.1,16.6,39.6,23.0,2020-11-13T13:00:00
6.9,Sample,16.1,32.2,11.4,32.3,24.5,2020-11-13T14:00:00
6.9,Sample,15.6,33.5,15.2,31.5,24.96,2020-11-13T15:00:00
8.3,Sample,7.7,28.3,18.8,35.0,24.79,2020-11-13T16:00:00
8.8,Sample,6.3,26.3,12.2,37.5,24.25,2020-11-13T17:00:00
7.3,Sample,6.3,23.2,11.3,36.6,23.01,2020-11-13T18:00:00
7.8,Sample,3.2,20.5,12.4,40.0,22.08,2020-11-13T19:00:00
8.6,Sample,2.0,18.3,12.1,44.1,21.3,2020-11-13T20:00:00
7.7,Sample,1.4,17.8,11.4,43.6,20.55,2020-11-13T21:00:00
7.6,Sample,2.2,16.0,12.6,45.3,19.84,2020-11-13T22:00:00
7.5,Sample,2.4,15.6,30.6,47.7,18.86,2020-11-13T23:00:00
7.4,Sample,4.7,14.6,49.3,51.2,17.57,2020-11-14T00:00:00
8.8,Sample,0.5,17.6,44.5,60.9,16.4,2020-11-14T01:00:00
9.8,Sample,0.0,18.9,36.7,66.9,15.92,2020-11-14T02:00:00
9.5,Sample,0.0,18.2,28.0,65.8,15.91,2020-11-14T03:00:00
9.2,Sample,0.8,16.3,54.6,66.7,15.39,2020-11-14T04:00:00
8.8,Sample,0.0,15.7,220.9,66.0,15.07,2020-11-14T05:00:00
8.0,Sample,0.0,15.0,116.9,65.2,14.45,2020-11-14T06:00:00
7.9,Sample,0.0,14.8,102.9,67.1,13.87,2020-11-14T07:00:00
9.2,Sample,2.6,15.7,58.6,68.9,14.91,2020-11-14T08:00:00
10.1,Sample,3.8,18.8,36.1,67.4,16.14,2020-11-14T09:00:00
9.9,Sample,2.9,22.5,37.7,59.4,17.9,2020-11-14T10:00:00
9.4,Sample,6.1,26.5,27.2,50.8,19.93,2020-11-14T11:00:00
8.3,Sample,8.5,30.9,11.0,41.2,22.13,2020-11-14T12:00:00
6.3,Sample,13.8,32.9,6.3,32.6,23.76,2020-11-14T13:00:00
5.3,Sample,17.7,34.0,9.0,28.8,24.62,2020-11-14T14:00:00
5.1,Sample,18.1,33.7,5.9,27.8,24.99,2020-11-14T15:00:00
4.9,Sample,15.7,31.5,9.5,27.7,24.86,2020-11-14T16:00:00
4.8,Sample,16.5,28.2,15.2,28.5,24.27,2020-11-14T17:00:00
7.4,Sample,12.1,21.6,21.8,35.9,23.44,2020-11-14T18:00:00
9.2,Sample,8.8,16.9,18.0,41.8,22.9,2020-11-14T19:00:00
9.3,Sample,8.2,14.6,14.9,44.1,22.14,2020-11-14T20:00:00
9.1,Sample,5.2,18.9,13.0,44.5,21.69,2020-11-14T21:00:00
8.9,Sample,6.6,14.9,17.4,46.3,20.82,2020-11-14T22:00:00
8.4,Sample,10.6,13.6,24.4,47.6,19.89,2020-11-14T23:00:00
8.0,Sample,7.3,15.0,24.9,48.3,19.16,2020-11-15T00:00:00
7.0,Sample,8.8,13.8,15.6,46.9,18.52,2020-11-15T01:00:00
6.2,Sample,9.0,15.7,38.6,46.5,17.83,2020-11-15T02:00:00
6.3,Sample,5.8,15.9,29.9,49.5,17.0,2020-11-15T03:00:00
6.7,Sample,1.1,16.6,31.4,52.6,16.43,2020-11-15T04:00:00
6.5,Sample,2.0,14.4,48.5,53.0,16.03,2020-11-15T05:00:00
6.3,Sample,2.9,15.1,22.2,53.3,15.78,2020-11-15T06:00:00
5.5,Sample,8.4,16.3,14.0,50.2,15.88,2020-11-15T07:00:00
6.5,Sample,7.3,19.7,15.9,49.8,17.13,2020-11-15T08:00:00
8.3,Sample,2.5,23.8,11.9,51.1,18.63,2020-11-15T09:00:00
8.6,Sample,6.0,28.5,12.0,47.5,20.16,2020-11-15T10:00:00
8.2,Sample,7.4,29.6,9.3,42.1,21.66,2020-11-15T11:00:00
6.4,Sample,10.2,29.7,9.3,34.2,23.07,2020-11-15T12:00:00
5.8,Sample,12.4,30.3,7.1,31.3,23.89,2020-11-15T13:00:00
6.9,Sample,9.9,27.9,11.1,33.0,24.25,2020-11-15T14:00:00
8.7,Sample,4.5,27.0,11.7,38.5,23.67,2020-11-15T15:00:00
10.0,Sample,3.0,26.1,11.0,43.4,23.17,2020-11-15T16:00:00
9.7,Sample,2.1,24.6,9.4,45.9,21.88,2020-11-15T17:00:00
9.6,Sample,1.3,23.8,9.5,49.3,20.62,2020-11-15T18:00:00
9.4,Sample,1.9,22.4,8.6,50.5,19.94,2020-11-15T19:00:00
9.0,Sample,2.2,20.2,9.0,50.4,19.6,2020-11-15T20:00:00
8.8,Sample,4.4,18.0,10.2,50.8,19.27,2020-11-15T21:00:00
9.5,Sample,1.4,20.8,9.2,54.5,18.86,2020-11-15T22:00:00
10.3,Sample,0.2,22.0,8.0,57.6,18.89,2020-11-15T23:00:00
10.3,Sample,0.0,23.6,7.7,58.8,18.56,2020-11-16T00:00:00
10.3,Sample,0.0,23.3,6.2,59.1,18.49,2020-11-16T01:00:00
10.6,Sample,0.0,23.3,5.8,60.7,18.35,2020-11-16T02:00:00
10.7,Sample,0.0,22.6,7.2,61.2,18.32,2020-11-16T03:00:00
10.6,Sample,0.0,21.1,8.8,61.4,18.17,2020-11-16T04:00:00
10.8,Sample,0.0,20.5,29.7,63.2,17.95,2020-11-16T05:00:00
12.2,Sample,0.0,19.7,3.5,72.0,17.32,2020-11-16T06:00:00
12.8,Sample,0.0,18.8,2.4,75.0,17.24,2020-11-16T07:00:00
12.6,Sample,0.0,19.4,2.2,74.9,17.13,2020-11-16T08:00:00
12.9,Sample,0.0,20.6,1.4,77.5,16.86,2020-11-16T09:00:00
13.4,Sample,0.0,20.2,1.6,77.5,17.36,2020-11-16T10:00:00
12.6,Sample,0.0,21.9,1.5,70.7,18.0,2020-11-16T11:00:00
12.0,Sample,0.0,22.0,1.9,64.7,18.84,2020-11-16T12:00:00
11.4,Sample,0.1,22.1,3.4,58.7,19.76,2020-11-16T13:00:00
11.3,Sample,0.7,21.1,8.5,58.1,19.8,2020-11-16T14:00:00
10.2,Sample,0.0,22.5,7.5,54.8,19.51,2020-11-16T15:00:00
8.9,Sample,0.5,22.9,9.7,52.4,18.9,2020-11-16T16:00:00
8.7,Sample,0.5,21.7,21.7,53.4,18.31,2020-11-16T17:00:00
9.1,Sample,2.2,18.2,13.0,58.0,17.5,2020-11-16T18:00:00
9.4,Sample,1.8,18.9,10.0,61.5,16.8,2020-11-16T19:00:00
9.3,Sample,0.0,17.9,36.7,64.3,16.05,2020-11-16T20:00:00
8.5,Sample,0.1,17.7,33.9,63.6,15.4,2020-11-16T21:00:00
7.4,Sample,0.1,17.2,94.2,61.6,14.69,2020-11-16T22:00:00
6.6,Sample,0.0,16.4,94.0,59.1,14.54,2020-11-16T23:00:00
6.2,Sample,0.0,17.1,84.1,59.2,14.07,2020-11-17T00:00:00
6.9,Sample,0.0,17.6,35.9,61.5,14.19,2020-11-17T01:00:00
7.5,Sample,0.0,18.2,14.4,62.1,14.7,2020-11-17T02:00:00
6.7,Sample,0.0,19.2,19.6,61.1,14.08,2020-11-17T03:00:00
8.1,Sample,0.0,19.0,27.8,67.0,14.12,2020-11-17T04:00:00
9.2,Sample,0.0,17.1,9.9,72.5,14.11,2020-11-17T05:00:00
9.8,Sample,0.0,16.7,15.6,74.4,14.35,2020-11-17T06:00:00
10.3,Sample,0.0,17.1,25.1,75.7,14.55,2020-11-17T07:00:00
11.0,Sample,0.0,16.9,25.5,75.6,15.27,2020-11-17T08:00:00
11.4,Sample,0.0,18.0,7.6,74.2,15.96,2020-11-17T09:00:00
11.2,Sample,0.0,20.4,2.4,69.9,16.77,2020-11-17T10:00:00
11.2,Sample,0.2,21.1,1.1,68.9,16.98,2020-11-17T11:00:00
10.5,Sample,0.1,22.5,7.8,63.8,17.38,2020-11-17T12:00:00
10.3,Sample,0.0,22.4,21.1,61.6,17.75,2020-11-17T13:00:00
9.6,Sample,0.3,22.8,18.9,58.9,17.77,2020-11-17T14:00:00
8.6,Sample,0.1,23.5,5.8,53.6,18.14,2020-11-17T15:00:00
7.4,Sample,0.7,23.1,23.7,50.0,18.04,2020-11-17T16:00:00
8.4,Sample,1.2,21.3,5.9,56.0,17.31,2020-11-17T17:00:00
8.2,Sample,0.4,21.0,5.7,57.9,16.51,2020-11-17T18:00:00
7.9,Sample,0.3,21.0,5.4,57.8,16.24,2020-11-17T19:00:00
8.0,Sample,0.7,20.2,3.5,57.7,16.38,2020-11-17T20:00:00
7.5,Sample,0.4,21.5,3.5,56.9,16.05,2020-11-17T21:00:00
5.7,Sample,4.4,23.2,3.4,52.9,15.23,2020-11-17T22:00:00
6.5,Sample,2.0,21.4,3.0,55.9,15.24,2020-11-17T23:00:00
7.3,Sample,0.2,22.2,3.1,59.1,15.29,2020-11-18T00:00:00
7.8,Sample,0.0,22.3,3.1,61.6,15.15,2020-11-18T01:00:00
8.1,Sample,0.0,21.9,4.6,62.8,15.11,2020-11-18T02:00:00
8.5,Sample,0.0,21.7,2.2,65.6,14.93,2020-11-18T03:00:00
9.3,Sample,0.0,20.4,6.1,71.9,14.32,2020-11-18T04:00:00
9.5,Sample,0.0,19.6,9.4,74.4,14.02,2020-11-18T05:00:00
9.7,Sample,0.0,18.3,7.5,74.7,14.11,2020-11-18T06:00:00
10.1,Sample,0.0,18.0,15.5,75.4,14.36,2020-11-18T07:00:00
9.9,Sample,1.4,18.1,11.1,73.1,14.68,2020-11-18T08:00:00
9.3,Sample,2.1,19.7,48.2,67.3,15.37,2020-11-18T09:00:00
8.2,Sample,4.6,21.6,67.3,59.7,16.05,2020-11-18T10:00:00
6.7,Sample,6.4,23.9,32.2,51.8,16.65,2020-11-18T11:00:00
6.6,Sample,3.6,24.8,14.5,48.8,17.5,2020-11-18T12:00:00
6.7,Sample,5.8,23.9,22.7,45.7,18.66,2020-11-18T13:00:00
7.2,Sample,6.4,23.0,35.9,46.6,18.9,2020-11-18T14:00:00
7.3,Sample,5.7,22.9,21.0,47.2,18.82,2020-11-18T15:00:00
7.4,Sample,6.6,22.0,34.6,49.1,18.24,2020-11-18T16:00:00
7.4,Sample,14.4,14.0,187.6,51.7,17.49,2020-11-18T17:00:00
7.5,Sample,7.8,15.5,200.2,54.2,16.86,2020-11-18T18:00:00
7.1,Sample,10.6,13.0,235.6,54.4,16.34,2020-11-18T19:00:00
7.1,Sample,4.5,18.5,30.8,56.3,15.78,2020-11-18T20:00:00
7.2,Sample,2.1,20.8,6.4,57.1,15.63,2020-11-18T21:00:00
7.0,Sample,1.0,21.3,3.1,56.8,15.53,2020-11-18T22:00:00
7.2,Sample,0.3,20.5,3.9,58.2,15.36,2020-11-18T23:00:00
7.4,Sample,0.0,21.0,2.7,59.5,15.19,2020-11-19T00:00:00
7.3,Sample,0.0,18.8,41.9,61.7,14.58,2020-11-19T01:00:00
7.5,Sample,0.0,19.6,2.9,63.3,14.42,2020-11-19T02:00:00
7.7,Sample,0.0,20.2,13.0,64.4,14.33,2020-11-19T03:00:00
7.7,Sample,0.0,19.0,15.3,65.0,14.2,2020-11-19T04:00:00
8.0,Sample,0.0,19.2,27.8,66.9,14.05,2020-11-19T05:00:00
8.3,Sample,0.0,18.7,24.6,68.3,14.05,2020-11-19T06:00:00
8.4,Sample,0.0,17.2,28.7,68.1,14.22,2020-11-19T07:00:00
8.2,Sample,0.7,17.9,9.4,65.2,14.61,2020-11-19T08:00:00
7.3,Sample,0.2,20.8,4.7,58.0,15.61,2020-11-19T09:00:00
6.9,Sample,0.9,21.8,6.8,52.1,16.8,2020-11-19T10:00:00
6.9,Sample,2.2,22.4,14.4,49.3,17.71,2020-11-19T11:00:00
7.0,Sample,3.3,24.2,23.5,47.8,18.26,2020-11-19T12:00:00
6.9,Sample,3.2,24.6,15.3,45.6,18.92,2020-11-19T13:00:00
6.7,Sample,1.3,24.1,37.9,43.7,19.33,2020-11-19T14:00:00
6.5,Sample,1.8,24.1,60.4,43.2,19.33,2020-11-19T15:00:00
6.5,Sample,2.4,23.4,60.6,44.3,18.92,2020-11-19T16:00:00
6.5,Sample,3.1,22.9,64.7,46.6,18.11,2020-11-19T17:00:00
6.6,Sample,6.6,20.7,93.1,50.7,16.87,2020-11-19T18:00:00
6.8,Sample,5.1,19.1,185.3,53.7,16.16,2020-11-19T19:00:00
6.9,Sample,3.5,20.6,18.8,56.9,15.4,2020-11-19T20:00:00
7.0,Sample,0.8,21.2,18.9,62.3,14.08,2020-11-19T21:00:00
6.9,Sample,0.2,18.9,22.3,62.5,13.94,2020-11-19T22:00:00
6.3,Sample,1.2,17.5,49.3,62.3,13.41,2020-11-19T23:00:00
5.6,Sample,1.1,18.8,17.7,61.6,12.75,2020-11-20T00:00:00
5.1,Sample,1.3,19.0,20.7,62.4,12.04,2020-11-20T01:00:00
5.1,Sample,1.7,18.4,8.8,64.0,11.66,2020-11-20T02:00:00
5.0,Sample,3.5,18.5,11.7,65.6,11.21,2020-11-20T03:00:00
4.7,Sample,5.7,17.6,7.6,65.3,11.02,2020-11-20T04:00:00
4.3,Sample,4.5,17.1,7.5,63.4,11.0,2020-11-20T05:00:00
4.1,Sample,7.9,16.2,9.9,64.0,10.61,2020-11-20T06:00:00
5.1,Sample,4.4,16.0,19.0,66.0,11.24,2020-11-20T07:00:00
6.3,Sample,1.8,19.7,24.9,67.9,12.01,2020-11-20T08:00:00
6.8,Sample,0.6,21.3,16.6,67.3,12.74,2020-11-20T09:00:00
6.8,Sample,2.8,21.4,17.9,62.0,13.95,2020-11-20T10:00:00
6.6,Sample,8.1,22.4,17.8,55.6,15.5,2020-11-20T11:00:00
7.5,Sample,8.0,23.3,9.2,53.1,17.1,2020-11-20T12:00:00
8.0,Sample,6.4,24.3,9.2,50.5,18.44,2020-11-20T13:00:00
8.5,Sample,6.6,24.8,10.3,49.5,19.36,2020-11-20T14:00:00
9.0,Sample,5.4,25.1,7.7,49.6,19.88,2020-11-20T15:00:00
10.2,Sample,1.5,22.6,3.5,52.0,20.36,2020-11-20T16:00:00
10.2,Sample,0.1,21.9,3.1,55.5,19.34,2020-11-20T17:00:00
10.1,Sample,0.1,21.3,4.7,59.4,18.2,2020-11-20T18:00:00
10.2,Sample,0.0,21.0,2.8,62.2,17.47,2020-11-20T19:00:00
10.2,Sample,0.0,20.0,5.8,64.0,17.02,2020-11-20T20:00:00
10.0,Sample,0.0,20.9,7.6,63.6,16.97,2020-11-20T21:00:00
9.8,Sample,0.0,21.9,4.6,63.6,16.79,2020-11-20T22:00:00
9.9,Sample,0.4,20.4,1.7,65.9,16.28,2020-11-20T23:00:00
9.6,Sample,0.0,20.2,5.0,66.6,15.84,2020-11-21T00:00:00
9.1,Sample,0.0,20.4,13.0,65.3,15.64,2020-11-21T01:00:00
8.9,Sample,0.0,19.9,6.4,64.0,15.63,2020-11-21T02:00:00
8.8,Sample,0.0,19.0,10.7,63.7,15.72,2020-11-21T03:00:00
8.9,Sample,0.0,18.8,5.9,64.3,15.67,2020-11-21T04:00:00
8.9,Sample,0.0,18.5,17.4,65.0,15.48,2020-11-21T05:00:00
9.4,Sample,0.0,18.3,2.9,68.3,15.19,2020-11-21T06:00:00
9.9,Sample,0.0,18.7,2.5,70.4,15.25,2020-11-21T07:00:00
10.2,Sample,0.0,19.0,6.5,70.4,15.59,2020-11-21T08:00:00
10.4,Sample,0.0,19.7,6.1,65.5,16.88,2020-11-21T09:00:00
10.6,Sample,0.4,19.1,6.4,60.4,18.38,2020-11-21T10:00:00
10.5,Sample,0.6,20.2,5.1,58.0,18.98,2020-11-21T11:00:00
10.8,Sample,0.1,21.9,1.5,55.6,19.93,2020-11-21T12:00:00
10.4,Sample,0.5,22.7,1.7,52.4,20.52,2020-11-21T13:00:00
10.4,Sample,0.3,22.9,1.3,51.0,20.89,2020-11-21T14:00:00
9.9,Sample,0.0,22.5,3.3,51.7,20.2,2020-11-21T15:00:00
10.2,Sample,0.0,22.0,3.3,54.6,19.58,2020-11-21T16:00:00
9.9,Sample,0.1,21.0,3.1,55.8,18.95,2020-11-21T17:00:00
10.0,Sample,0.0,19.9,3.8,58.7,18.25,2020-11-21T18:00:00
9.8,Sample,0.2,17.9,4.7,60.2,17.64,2020-11-21T19:00:00
9.8,Sample,0.3,16.9,4.5,62.0,17.19,2020-11-21T20:00:00
10.1,Sample,0.0,17.6,5.2,63.2,17.11,2020-11-21T21:00:00
10.2,Sample,0.2,16.8,7.5,64.7,16.9,2020-11-21T22:00:00
9.2,Sample,0.0,15.4,48.6,65.3,15.7,2020-11-21T23:00:00
8.8,Sample,0.0,15.0,62.5,66.4,14.97,2020-11-22T00:00:00
8.3,Sample,0.0,14.6,80.2,67.0,14.3,2020-11-22T01:00:00
8.0,Sample,0.0,15.0,54.0,67.4,13.93,2020-11-22T02:00:00
7.5,Sample,0.0,15.7,41.5,67.0,13.52,2020-11-22T03:00:00
6.8,Sample,0.0,16.0,23.4,66.4,12.92,2020-11-22T04:00:00
6.4,Sample,0.0,15.9,32.4,66.3,12.56,2020-11-22T05:00:00
5.7,Sample,0.0,15.5,97.6,65.9,11.88,2020-11-22T06:00:00
5.7,Sample,0.0,15.4,87.3,66.5,11.73,2020-11-22T07:00:00
7.0,Sample,0.3,16.1,29.3,68.3,12.67,2020-11-22T08:00:00
8.1,Sample,0.1,17.6,18.8,69.1,13.66,2020-11-22T09:00:00
8.6,Sample,0.0,19.3,18.1,66.8,14.69,2020-11-22T10:00:00
8.4,Sample,0.4,21.2,9.1,59.7,16.3,2020-11-22T11:00:00
8.8,Sample,0.9,23.2,7.3,55.7,17.82,2020-11-22T12:00:00
8.7,Sample,0.2,23.6,8.7,51.2,19.04,2020-11-22T13:00:00
7.3,Sample,2.5,23.8,8.3,44.1,19.85,2020-11-22T14:00:00
6.7,Sample,3.3,23.9,24.7,40.8,20.48,2020-11-22T15:00:00
7.0,Sample,2.6,22.7,15.2,41.6,20.54,2020-11-22T16:00:00
8.0,Sample,0.8,22.9,2.9,47.1,19.6,2020-11-22T17:00:00
8.6,Sample,0.0,21.9,2.5,53.3,18.25,2020-11-22T18:00:00
8.7,Sample,0.1,20.3,2.7,56.3,17.46,2020-11-22T19:00:00
8.7,Sample,0.0,20.8,3.2,58.8,16.78,2020-11-22T20:00:00
8.4,Sample,0.0,20.2,3.9,59.6,16.31,2020-11-22T21:00:00
8.2,Sample,0.6,20.3,3.5,60.5,15.87,2020-11-22T22:00:00
8.2,Sample,0.0,19.6,5.5,61.7,15.54,2020-11-22T23:00:00
8.0,Sample,0.0,19.0,6.8,61.5,15.33,2020-11-23T00:00:00
7.9,Sample,0.0,18.5,8.4,60.4,15.56,2020-11-23T01:00:00
7.5,Sample,0.0,19.6,7.6,60.7,15.08,2020-11-23T02:00:00
7.5,Sample,0.0,19.3,10.0,62.3,14.63,2020-11-23T03:00:00
6.9,Sample,0.2,15.0,71.4,63.1,13.75,2020-11-23T04:00:00
6.3,Sample,0.1,15.2,35.5,64.1,12.9,2020-11-23T05:00:00
6.3,Sample,0.9,15.6,40.5,66.4,12.44,2020-11-23T06:00:00
7.2,Sample,0.4,15.6,24.7,67.3,13.08,2020-11-23T07:00:00
7.8,Sample,2.0,15.0,27.9,65.5,14.2,2020-11-23T08:00:00
8.4,Sample,1.9,16.8,9.6,61.5,15.8,2020-11-23T09:00:00
8.5,Sample,2.2,19.9,6.0,56.5,17.23,2020-11-23T10:00:00
8.5,Sample,0.5,21.7,2.8,53.4,18.12,2020-11-23T11:00:00
8.2,Sample,1.5,23.4,2.5,51.0,18.52,2020-11-23T12:00:00
8.3,Sample,1.1,24.0,1.9,48.9,19.31,2020-11-23T13:00:00
7.9,Sample,2.3,24.0,2.2,46.2,19.81,2020-11-23T14:00:00
7.7,Sample,3.8,24.2,5.2,44.7,20.08,2020-11-23T15:00:00
8.2,Sample,2.2,23.0,5.8,45.5,20.37,2020-11-23T16:00:00
7.7,Sample,0.7,21.1,2.7,45.9,19.71,2020-11-23T17:00:00
6.8,Sample,2.7,18.9,6.2,45.8,18.69,2020-11-23T18:00:00
7.2,Sample,1.9,18.0,6.2,50.7,17.59,2020-11-23T19:00:00
7.2,Sample,0.9,17.7,20.0,53.4,16.77,2020-11-23T20:00:00
6.6,Sample,2.3,16.9,7.3,53.2,16.09,2020-11-23T21:00:00
6.1,Sample,4.2,16.2,3.9,52.7,15.73,2020-11-23T22:00:00
5.5,Sample,5.3,16.0,16.4,52.2,15.27,2020-11-23T23:00:00
5.1,Sample,5.7,15.3,61.8,55.2,13.92,2020-11-24T00:00:00
4.8,Sample,3.8,16.0,12.0,56.6,13.31,2020-11-24T01:00:00
4.7,Sample,2.5,15.9,11.5,57.2,12.97,2020-11-24T02:00:00
4.4,Sample,3.2,15.0,147.4,58.0,12.38,2020-11-24T03:00:00
4.3,Sample,3.7,14.9,87.3,59.0,12.05,2020-11-24T04:00:00
3.9,Sample,2.3,15.2,25.2,59.1,11.65,2020-11-24T05:00:00
3.7,Sample,3.3,15.4,15.9,59.3,11.4,2020-11-24T06:00:00
3.8,Sample,5.9,14.1,96.9,60.5,11.16,2020-11-24T07:00:00
5.5,Sample,9.9,14.1,62.8,64.0,12.11,2020-11-24T08:00:00
6.7,Sample,11.7,14.3,30.0,62.6,13.73,2020-11-24T09:00:00
7.0,Sample,11.8,14.7,20.9,57.6,15.3,2020-11-24T10:00:00
7.0,Sample,26.7,17.6,20.9,51.0,17.22,2020-11-24T11:00:00
6.2,Sample,20.4,23.1,12.0,42.8,19.2,2020-11-24T12:00:00
5.2,Sample,25.0,27.0,16.5,36.0,20.81,2020-11-24T13:00:00
4.5,Sample,26.2,26.2,5.4,31.9,21.98,2020-11-24T14:00:00
3.2,Sample,15.8,23.2,3.3,28.1,22.68,2020-11-24T15:00:00
1.6,Sample,20.8,24.4,28.3,24.0,23.32,2020-11-24T16:00:00
1.2,Sample,20.5,24.4,39.3,23.4,23.29,2020-11-24T17:00:00
2.4,Sample,25.2,16.5,106.6,27.6,22.03,2020-11-24T18:00:00
2.6,Sample,28.3,15.9,12.2,29.5,21.13,2020-11-24T19:00:00
4.2,Sample,18.1,14.5,18.0,35.5,19.91,2020-11-24T20:00:00
3.7,Sample,19.2,16.2,20.6,34.3,19.95,2020-11-24T21:00:00
4.0,Sample,14.4,16.8,20.2,36.3,19.34,2020-11-24T22:00:00
4.1,Sample,14.9,15.1,21.4,39.2,18.21,2020-11-24T23:00:00
4.2,Sample,13.0,14.7,54.6,41.8,17.35,2020-11-25T00:00:00
4.2,Sample,12.6,14.4,92.7,43.8,16.55,2020-11-25T01:00:00
4.0,Sample,13.3,13.3,142.6,45.2,15.81,2020-11-25T02:00:00
3.7,Sample,10.9,14.4,106.9,46.6,15.05,2020-11-25T03:00:00
3.7,Sample,10.1,15.2,75.0,47.8,14.66,2020-11-25T04:00:00
3.3,Sample,8.6,16.1,33.8,47.5,14.31,2020-11-25T05:00:00
2.9,Sample,9.4,16.2,25.0,48.1,13.73,2020-11-25T06:00:00
2.8,Sample,14.0,15.1,95.0,48.3,13.48,2020-11-25T07:00:00
3.6,Sample,12.9,16.1,39.9,47.5,14.68,2020-11-25T08:00:00
4.7,Sample,9.5,16.4,23.4,46.7,16.06,2020-11-25T09:00:00
4.3,Sample,13.9,18.8,16.6,41.1,17.75,2020-11-25T10:00:00
3.4,Sample,15.7,23.8,4.3,33.9,19.74,2020-11-25T11:00:00
3.0,Sample,15.5,24.8,2.3,30.4,21.11,2020-11-25T12:00:00
2.9,Sample,14.9,24.6,2.4,28.1,22.23,2020-11-25T13:00:00
2.4,Sample,14.3,23.9,2.0,26.0,22.97,2020-11-25T14:00:00
2.6,Sample,15.0,22.8,3.6,25.6,23.5,2020-11-25T15:00:00
2.4,Sample,15.7,22.5,7.4,25.5,23.34,2020-11-25T16:00:00
2.2,Sample,16.5,19.1,6.5,25.9,22.83,2020-11-25T17:00:00
3.3,Sample,17.8,16.3,10.3,30.2,21.59,2020-11-25T18:00:00
5.6,Sample,9.5,19.0,5.5,36.2,21.26,2020-11-25T19:00:00
5.6,Sample,9.6,19.5,4.2,36.4,21.08,2020-11-25T20:00:00
5.1,Sample,8.6,18.0,9.3,36.9,20.38,2020-11-25T21:00:00
5.2,Sample,8.6,17.3,10.4,38.6,19.75,2020-11-25T22:00:00
6.1,Sample,4.5,16.6,6.4,42.5,19.19,2020-11-25T23:00:00
7.6,Sample,0.3,17.8,23.4,48.9,18.59,2020-11-26T00:00:00
6.3,Sample,3.0,17.0,31.9,49.2,17.09,2020-11-26T01:00:00
7.4,Sample,1.2,17.3,40.1,56.1,16.14,2020-11-26T02:00:00
7.8,Sample,0.0,18.5,14.8,59.1,15.74,2020-11-26T03:00:00
7.8,Sample,0.2,17.5,38.8,60.7,15.3,2020-11-26T04:00:00
7.4,Sample,0.7,17.0,27.8,61.9,14.6,2020-11-26T05:00:00
7.2,Sample,0.2,16.5,73.7,63.2,14.06,2020-11-26T06:00:00
6.9,Sample,0.8,15.6,97.9,62.4,13.94,2020-11-26T07:00:00
7.4,Sample,3.5,15.5,39.3,61.7,14.7,2020-11-26T08:00:00
8.2,Sample,3.3,17.9,39.1,60.0,16.02,2020-11-26T09:00:00
8.4,Sample,11.2,20.0,51.9,54.0,17.88,2020-11-26T10:00:00
8.5,Sample,19.2,20.9,29.9,51.0,18.89,2020-11-26T11:00:00
